Event Name,Venue Name,Event Address,Ticket Price,Tickets Available,Concession Tax
Monster Jam,Sun Bowl Stadium,2701 Sun Bowl Dr,30,51500,1.5
UTEP Football Game,Sun Bowl Stadium,2701 Sun Bowl Dr,55,51500,2.5
Gabriel Iglesias,Don Haskins Center,151 Glory Rd,87.95,11892,2.75
Pink Floyd Laser Spectacular,Plaza Theatre,125 W Mills Ave,79.99,2000,1.75
Warped Tour,Balloon Fiesta Park,Albuquerque NM 87121,66.99,17244,2.5
Coachella,Empire Polo Club,81800 51st Ave Indio CA,474,5822,3.67
Christmas Lights Display,San Jacinto Plaza,114 W Mills Ave,0,500,2.25